,data_type,missing_count,missing_percent,unique_values
Product Description,float64,180519,100.0,1
Order Zipcode,float64,155679,86.24,610
Type,str,0,0.0,4
Order Profit Per Order,float64,0,0.0,21998
Order Id,int64,0,0.0,65752
Order Item Cardprod Id,int64,0,0.0,118
Order Item Discount,float64,0,0.0,1017
Order Item Discount Rate,float64,0,0.0,18
Order Item Id,int64,0,0.0,180519
Order Item Product Price,float64,0,0.0,75
Order Item Profit Ratio,float64,0,0.0,162
Order Item Quantity,int64,0,0.0,5
Sales,float64,0,0.0,193
Order Item Total,float64,0,0.0,2927
Order Region,str,0,0.0,23
Order Customer Id,int64,0,0.0,20652
Order State,str,0,0.0,1089
Order Status,str,0,0.0,9
Product Card Id,int64,0,0.0,118
Product Category Id,int64,0,0.0,51
Product Image,str,0,0.0,118
Product Name,str,0,0.0,118
Product Price,float64,0,0.0,75
Product Status,int64,0,0.0,1
shipping date (DateOrders),str,0,0.0,63701
order date (DateOrders),str,0,0.0,65752
Order Country,str,0,0.0,164
Days for shipping (real),int64,0,0.0,7
Order City,str,0,0.0,3597
Days for shipment (scheduled),int64,0,0.0,4
Benefit per order,float64,0,0.0,21998
Sales per customer,float64,0,0.0,2927
Delivery Status,str,0,0.0,4
Late_delivery_risk,int64,0,0.0,2
Category Id,int64,0,0.0,51
Category Name,str,0,0.0,50
Customer City,str,0,0.0,563
Customer Country,str,0,0.0,2
Customer Email,str,0,0.0,1
Customer Fname,str,0,0.0,782
Customer Id,int64,0,0.0,20652
Customer Lname,str,8,0.0,1110
Customer Password,str,0,0.0,1
Customer Segment,str,0,0.0,3
Customer State,str,0,0.0,46
Customer Street,str,0,0.0,7458
Customer Zipcode,float64,3,0.0,996
Department Id,int64,0,0.0,11
Department Name,str,0,0.0,11
Latitude,float64,0,0.0,11250
Longitude,float64,0,0.0,4487
Market,str,0,0.0,5
Shipping Mode,str,0,0.0,4
